<?xml version="1.0" encoding="UTF-8"?>
<project-private xmlns="http://www.netbeans.org/ns/project-private/1">
    <editor-bookmarks xmlns="http://www.netbeans.org/ns/editor-bookmarks/2" lastBookmarkId="0"/>
    <open-files xmlns="http://www.netbeans.org/ns/projectui-open-files/2">
        <group>
            <file>file:/D:/AFTER/PBO/21.22/LOWONGAN%20PEKERJAAN%20AEW/src/View/HapusLowongan.java</file>
            <file>file:/D:/AFTER/PBO/21.22/LOWONGAN%20PEKERJAAN%20AEW/src/Controller/ControllerHapusLowongan.java</file>
        </group>
    </open-files>
</project-private>
